transaction_id,user_id,location_id,date
8f7a1c11-7b30-4aab-a001-001100550001,3f4d7a01-1f11-4d57-92dc-001100110001,2e1d7a01-1111-4d57-92dc-001100660001,2026-05-04 09:10:00
8f7a1c11-7b30-4aab-a001-001100550002,3f4d7a01-1f11-4d57-92dc-001100110002,2e1d7a01-1111-4d57-92dc-001100660002,2026-05-04 09:20:00
8f7a1c11-7b30-4aab-a001-001100550003,3f4d7a01-1f11-4d57-92dc-001100110003,2e1d7a01-1111-4d57-92dc-001100660003,2026-05-04 09:32:00
f7a1c11-7b30-4aab-a001-001100550004,3f4d7a01-1f11-4d57-92dc-001100110003,2e1d7a01-1111-4d57-92dc-001100660004,2026-05-04 09:45:00
8f7a1c11-7b30-4aab-a001-001100550005,3f4d7a01-1f11-4d57-92dc-001100110004,2e1d7a01-1111-4d57-92dc-001100660005,2026-05-04 10:00:00
8f7a1c11-7b30-4aab-a001-001100550006,3f4d7a01-1f11-4d57-92dc-001100110005,2e1d7a01-1111-4d57-92dc-001100660006,2026-05-04 10:15:00
8f7a1c11-7b30-4aab-a001-001100550007,3f4d7a01-1f11-4d57-92dc-001100110006,2e1d7a01-1111-4d57-92dc-001100660007,2026-05-04 10:30:00
8f7a1c11-7b30-4aab-a001-001100550008,3f4d7a01-1f11-4d57-92dc-001100110007,2e1d7a01-1111-4d57-92dc-001100660008,2026-05-04 10:45:00
8f7a1c11-7b30-4aab-a001-001100550009,3f4d7a01-1f11-4d57-92dc-001100110008,2e1d7a01-1111-4d57-92dc-001100660009,2026-05-04 11:00:00
8f7a1c11-7b30-4aab-a001-0011005500010,3f4d7a01-1f11-4d57-92dc-001100110009,2e1d7a01-1111-4d57-92dc-00110066000a,2026-05-04 11:15:00
8f7a1c11-7b30-4aab-a001-0011005500011,3f4d7a01-1f11-4d57-92dc-00110011000a,2e1d7a01-1111-4d57-92dc-00110066000b,2026-05-04 11:30:00
8f7a1c11-7b30-4aab-a001-0011005500012,3f4d7a01-1f11-4d57-92dc-00110011000b,2e1d7a01-1111-4d57-92dc-00110066000c,2026-05-04 11:45:00
8f7a1c11-7b30-4aab-a001-0011005500013,3f4d7a01-1f11-4d57-92dc-00110011000c,2e1d7a01-1111-4d57-92dc-00110066000d,2026-05-04 12:00:00
8f7a1c11-7b30-4aab-a001-0011005500014,3f4d7a01-1f11-4d57-92dc-00110011000d,2e1d7a01-1111-4d57-92dc-00110066000e,2026-05-04 12:15:00
8f7a1c11-7b30-4aab-a001-0011005500015,3f4d7a01-1f11-4d57-92dc-00110011000e,2e1d7a01-1111-4d57-92dc-00110066000f,2026-05-04 12:30:00
8f7a1c11-7b30-4aab-a001-0011005500016,3f4d7a01-1f11-4d57-92dc-00110011000f,2e1d7a01-1111-4d57-92dc-0011006600100,2026-05-04 12:45:00
8f7a1c11-7b30-4aab-a001-001100550017,3f4d7a01-1f11-4d57-92dc-001100110010,2e1d7a01-1111-4d57-92dc-001100660011,2026-05-04 13:00:00
8f7a1c11-7b30-4aab-a001-001100550018,3f4d7a01-1f11-4d57-92dc-001100110011,2e1d7a01-1111-4d57-92dc-001100660012,2026-05-04 13:15:00
8f7a1c11-7b30-4aab-a001-001100550019,3f4d7a01-1f11-4d57-92dc-001100110012,2e1d7a01-1111-4d57-92dc-001100660013,2026-05-04 13:30:00
8f7a1c11-7b30-4aab-a001-001100550020,3f4d7a01-1f11-4d57-92dc-001100110013,2e1d7a01-1111-4d57-92dc-001100660014,2026-05-04 13:45:00
8f7a1c11-7b30-4aab-a001-001100550021,3f4d7a01-1f11-4d57-92dc-001100110014,2e1d7a01-1111-4d57-92dc-001100660015,2026-05-04 14:00:00
8f7a1c11-7b30-4aab-a001-001100550022,3f4d7a01-1f11-4d57-92dc-001100110015,2e1d7a01-1111-4d57-92dc-001100660016,2026-05-04 14:15:00
8f7a1c11-7b30-4aab-a001-001100550023,3f4d7a01-1f11-4d57-92dc-001100110016,2e1d7a01-1111-4d57-92dc-001100660017,2026-05-04 14:30:00
8f7a1c11-7b30-4aab-a001-001100550024,3f4d7a01-1f11-4d57-92dc-001100110017,2e1d7a01-1111-4d57-92dc-001100660018,2026-05-04 14:45:00
8f7a1c11-7b30-4aab-a001-001100550025,3f4d7a01-1f11-4d57-92dc-001100110018,2e1d7a01-1111-4d57-92dc-001100660019,2026-05-04 15:00:00
8f7a1c11-7b30-4aab-a001-001100550026,3f4d7a01-1f11-4d57-92dc-001100110019,2e1d7a01-1111-4d57-92dc-00110066001a,2026-05-04 15:15:00
8f7a1c11-7b30-4aab-a001-001100550027,3f4d7a01-1f11-4d57-92dc-00110011001a,2e1d7a01-1111-4d57-92dc-00110066001b,2026-05-04 15:30:00
8f7a1c11-7b30-4aab-a001-001100550028,3f4d7a01-1f11-4d57-92dc-00110011001b,2e1d7a01-1111-4d57-92dc-00110066001c,2026-05-04 15:45:00
8f7a1c11-7b30-4aab-a001-001100550029,3f4d7a01-1f11-4d57-92dc-00110011001c,2e1d7a01-1111-4d57-92dc-00110066001d,2026-05-04 16:00:00
8f7a1c11-7b30-4aab-a001-001100550030,3f4d7a01-1f11-4d57-92dc-00110011001d,2e1d7a01-1111-4d57-92dc-00110066001e,2026-05-04 16:15:00
8f7a1c11-7b30-4aab-a001-001100550031,3f4d7a01-1f11-4d57-92dc-00110011001e,2e1d7a01-1111-4d57-92dc-00110066001f,2026-05-04 16:30:00
8f7a1c11-7b30-4aab-a001-001100550032,3f4d7a01-1f11-4d57-92dc-00110011001f,2e1d7a01-1111-4d57-92dc-0011006600200,2026-05-04 16:45:00
8f7a1c11-7b30-4aab-a001-001100550033,3f4d7a01-1f11-4d57-92dc-001100110020,2e1d7a01-1111-4d57-92dc-001100660021,2026-05-04 17:00:00
8f7a1c11-7b30-4aab-a001-001100550034,3f4d7a01-1f11-4d57-92dc-001100110021,2e1d7a01-1111-4d57-92dc-001100660022,2026-05-04 17:15:00
8f7a1c11-7b30-4aab-a001-001100550035,3f4d7a01-1f11-4d57-92dc-001100110022,2e1d7a01-1111-4d57-92dc-001100660023,2026-05-04 17:30:00
8f7a1c11-7b30-4aab-a001-001100550036,3f4d7a01-1f11-4d57-92dc-001100110023,2e1d7a01-1111-4d57-92dc-001100660024,2026-05-04 17:45:00
8f7a1c11-7b30-4aab-a001-001100550037,3f4d7a01-1f11-4d57-92dc-001100110024,2e1d7a01-1111-4d57-92dc-001100660025,2026-05-04 18:00:00
8f7a1c11-7b30-4aab-a001-001100550038,3f4d7a01-1f11-4d57-92dc-001100110025,2e1d7a01-1111-4d57-92dc-001100660026,2026-05-04 18:15:00
8f7a1c11-7b30-4aab-a001-001100550039,3f4d7a01-1f11-4d57-92dc-001100110026,2e1d7a01-1111-4d57-92dc-001100660027,2026-05-04 18:30:00
8f7a1c11-7b30-4aab-a001-001100550040,3f4d7a01-1f11-4d57-92dc-001100110027,2e1d7a01-1111-4d57-92dc-001100660028,2026-05-04 18:45:00
