user_id,username,email,no ponsel,tanggal/bulan/tahunlahir,gender,image profile
3f4d7a01-1f11-4d57-92dc-001100110001,andika,andika@mail.com,081234567890,1998-04-12,male,img/logo/user.png
3f4d7a01-1f11-4d57-92dc-001100110002,salsa,salsa@mail.com,081234567891,1999-09-21,female,img/logo/user.png
3f4d7a01-1f11-4d57-92dc-001100110003,raka,raka@mail.com,082211334455,1997-12-02,male,img/logo/user.png
4f4d7a01-1f11-4d57-92dc-001100110004,lia,lia@mail.com,081234567892,2000-01-01,female,img/logo/user.png
3f4d7a01-1f11-4d57-92dc-001100110005,farhan,farhan@mail.com,081234567893,1996-07-15,male,img/logo/user.png
3f4d7a01-1f11-4d57-92dc-001100110006,melisa,melisa@mail.com,081234567894,1995-11-30,female,img/logo/user.png
3f4d7a01-1f11-4d57-92dc-001100110007,aditya,aditya@mail.com,081234567895,1994-03-10,male,img/logo/user.png
3f4d7a01-1f11-4d57-92dc-001100110008,putri,putri@mail.com,081234567896,1993-06-15,female,img/logo/user.png
3f4d7a01-1f11-4d57-92dc-001100110009,ryan,ryan@mail.com,081234567897,1992-09-10,male,img/logo/user.png
3f4d7a01-1f11-4d57-92dc-00110011000a,amelia,amelia@mail.com,081234567898,1991-12-25,female,img/logo/user.png
3f4d7a01-1f11-4d57-92dc-00110011000b,bagas,bagas@mail.com,081234567899,1990-05-15,male,img/logo/user.png
3f4d7a01-1f11-4d57-92dc-00110011000c,clara,clara@mail.com,081234567890,1990-05-15,female,img/logo/user.png
3f4d7a01-1f11-4d57-92dc-00110011000d,dimas,dimas@mail.com,081234567891,1990-05-15,male,img/logo/user.png
3f4d7a01-1f11-4d57-92dc-00110011000e,elisa,elisa@mail.com,081234567892,1990-05-15,female,img/logo/user.png
3f4d7a01-1f11-4d57-92dc-00110011000f,fajar,fajar@mail.com,081234567893,1990-05-15,male,img/logo/user.png
3f4d7a01-1f11-4d57-92dc-001100110010,gina,gina@mail.com,081234567894,1990-05-15,female,img/logo/user.png
3f4d7a01-1f11-4d57-92dc-001100110011,haris,haris@mail.com,081234567895,1990-05-15,male,img/logo/user.png
3f4d7a01-1f11-4d57-92dc-001100110012,irfan,irfan@mail.com,081234567896,1990-05-15,male,img/logo/user.png
3f4d7a01-1f11-4d57-92dc-001100110013,julia,julia@mail.com,081234567897,1990-05-15,female,img/logo/user.png
3f4d7a01-1f11-4d57-92dc-001100110014,kevin,kevin@mail.com,081234567898,1990-05-15,male,img/logo/user.png
3f4d7a01-1f11-4d57-92dc-001100110015,lina,lina@mail.com,081234567899,1990-05-15,female,img/logo/user.png
3f4d7a01-1f11-4d57-92dc-001100110016,mario,mario@mail.com,081234567890,1990-05-15,male,img/logo/user.png
3f4d7a01-1f11-4d57-92dc-001100110017,nina,nina@mail.com,081234567891,1990-05-15,female,img/logo/user.png
3f4d7a01-1f11-4d57-92dc-001100110018,omar,omar@mail.com,081234567892,1990-05-15,male,img/logo/user.png
3f4d7a01-1f11-4d57-92dc-001100110019,paula,paula@mail.com,081234567893,1990-05-15,female,img/logo/user.png
3f4d7a01-1f11-4d57-92dc-00110011001a,quinn,quinn@mail.com,081234567894,1990-05-15,female,img/logo/user.png
3f4d7a01-1f11-4d57-92dc-00110011001b,ryan,ryan@mail.com,081234567897,1990-05-15,male,img/logo/user.png
3f4d7a01-1f11-4d57-92dc-00110011001c,sarah,sarah@mail.com,081234567898,1990-05-15,female,img/logo/user.png
3f4d7a01-1f11-4d57-92dc-00110011001d,tom,tom@mail.com,081234567899,1990-05-15,male,img/logo/user.png
3f4d7a01-1f11-4d57-92dc-00110011001e,uma,uma@mail.com,081234567890,1990-05-15,female,img/logo/user.png
3f4d7a01-1f11-4d57-92dc-00110011001f,victor,victor@mail.com,081234567895,1990-05-15,male,img/logo/user.png
3f4d7a01-1f11-4d57-92dc-001100110020,wina,wina@mail.com,081234567896,1990-05-15,female,img/logo/user.png
3f4d7a01-1f11-4d57-92dc-001100110021,xavier,xavier@mail.com,081234567897,1990-05-15,male,img/logo/user.png
3f4d7a01-1f11-4d57-92dc-001100110022,yara,yara@mail.com,081234567898,1990-05-15,female,img/logo/user.png
3f4d7a01-1f11-4d57-92dc-001100110023,zack,zack@mail.com,081234567899,1990-05-15,male,img/logo/user.png
3f4d7a01-1f11-4d57-92dc-001100110024,alice,alice@mail.com,081234567890,1990-05-15,female,img/logo/user.png
3f4d7a01-1f11-4d57-92dc-001100110025,bob,bob@mail.com,081234567891,1990-05-15,male,img/logo/user.png
3f4d7a01-1f11-4d57-92dc-001100110026,carol,carol@mail.com,081234567892,1990-05-15,female,img/logo/user.png
3f4d7a01-1f11-4d57-92dc-001100110027,dave,dave@mail.com,081234567893,1990-05-15,male,img/logo/user.png
3f4d7a01-1f11-4d57-92dc-001100110028,erin,erin@mail.com,081234567894,1990-05-15,female,img/logo/user.png
3f4d7a01-1f11-4d57-92dc-001100110029,frank,frank@mail.com,081234567895,1990-05-15,male,img/logo/user.png
3f4d7a01-1f11-4d57-92dc-001100110030,grace,grace@mail.com,081234567896,1990-05-15,female,img/logo/user.png
3f4d7a01-1f11-4d57-92dc-001100110031,henry,henry@mail.com,081234567897,1990-05-15,male,img/logo/user.png
3f4d7a01-1f11-4d57-92dc-001100110032,irene,irene@mail.com,081234567898,1990-05-15,female,img/logo/user.png
3f4d7a01-1f11-4d57-92dc-001100110033,jack,jack@mail.com,081234567899,1990-05-15,male,img/logo/user.png
3f4d7a01-1f11-4d57-92dc-001100110034,karen,karen@mail.com,081234567890,1990-05-15,female,img/logo/user.png
3f4d7a01-1f11-4d57-92dc-001100110035,leo,leo@mail.com,081234567891,1990-05-15,male,img/logo/user.png
3f4d7a01-1f11-4d57-92dc-001100110036,mia,mia@mail.com,081234567892,1990-05-15,female,img/logo/user.png
3f4d7a01-1f11-4d57-92dc-001100110037,nick,nick@mail.com,081234567893,1990-05-15,male,img/logo/user.png
